Уровень 1 (iab),Уровень 2 (iab),Уровень 3 (iab)
Массовая культура,Юмор и сатира,
События и достопримечательности,Спортивные события,
Массовая культура,Отношения знаменитостей,
Массовая культура,Скандалы знаменитостей,
Транспорт,,
Спорт,Автогонки,
Массовая культура,,
Изобразительное искусство,,
Семья и отношения,,
Хобби и интересы,Мастер-классы,
Религия и духовность,астрология,
Путешествия,,
События и достопримечательности,Исторические места и достопримечательности,
Фильмы и анимация,,
Спорт,,
Музыка и аудио,Рок музыка,
Спорт,Рыбалка,
Музыка и аудио,Комедия и стендап (Музыка и аудио),
События и достопримечательности,Концерты и музыкальные мероприятия,
Еда и напитки,Кулинария,
Дом и сад,Дизайн интерьера,
Хобби и интересы,,
Хобби и интересы,Декоративно-прикладное искусство,
Фильмы и анимация,Документальные фильмы,
Дом и сад,Садоводство,
Изобразительное искусство,Современное искусство,
Спорт,Борьба,
Семья и отношения,Брак и гражданские союзы,
Телевидение,Реалити-ТВ,
Музыка и аудио,Разное (Музыка и аудио),
Наука,Космос и астрономия,
Путешествия,Подготовка к путешествиям,
Медицинские направления,Психиатрия,
Образование,Онлайн-образование,
Наука,,
Путешествия,Направления путешествий,
События и достопримечательности,,
Игры,Компьютерные игры,
Музыка и аудио,Поп-музыка,
События и достопримечательности,Зоопарки и океанариумы,
Новости и политика,Международные новости,
Карьера,,
Семья и отношения,Развод,
Стиль и красота,Женская мода,
Личные финансы,,
События и достопримечательности,Комедия и стендап,
Образование,,
Дом и сад,Умный дом,
Стиль и красота,Дизайнерская одежда,
Еда и напитки,Безалкогольные напитки,
Бизнес и финансы,Промышленность и сфера услуг,
События и достопримечательности,Активный отдых,
Фильмы и анимация,Семейные и детские фильмы,
Фильмы и анимация,Фильмы и анимация,
Недвижимость,Квартиры,
Стиль и красота,Модные тенденции,
События и достопримечательности,Музеи и галереи,
Игры,Киберспорт,
Информационные технологии,,
Новости и политика,,
События и достопримечательности,Парки развлечений и тематические парки,
Книги и литература,Поэзия,
Семья и отношения,Воспитание детей% Воспитание малышей,
Стиль и красота,,
Бизнес и финансы,Бизнес,
Наука,Окружающая среда,
Музыка и аудио,,
Религия и духовность,Астрология,
События и достопримечательности,Личные события,
Еда и напитки,Барбекю и гриль,
Дом и сад,,
Спорт,Футбол,
Изобразительное искусство,Театр,
Наука,Химия,
События и достопримечательности,Кинотеатры,
Стиль и красота,Мужская мода,
Информационные технологии,Дополненная реальность,
Экономика,Валюты,
Бизнес и финансы,Экономика,
Наука,Физика,
События и достопримечательности,Театральные мероприятия,
Игры и головоломки,Карточные игры,
Компьютеры и цифровые технологии,,
Красота,Макияж,
Путешествия,Тип путешествия,
Дом и сад,Системы безопасности,
Наука,Биология,
Книги и литература,,
События и достопримечательности,Организация праздников,
Хобби и стиль,,
Изобразительное искусство,Цифровое искусство,
Хобби и интересы,Паранормальные явления,
Спорт,Боевые искусства,
Массовая культура,Стиль знаменитостей,
Отношения знаменитостей,Семьи знаменитостей,
Спорт,Спортивное оборудование,
Создание контента,Личные события,
Массовая культура,Семьи знаменитостей,
Путешествия,Путешествия на машине,
Хобби и интересы,Музыкальные инструменты,
Стиль и красота,Уличный стиль,
Музыка и аудио,Современная музыка,
Хобби и интересы,Создание контента,
Транспорт,Автобезопасность,
Музыка и аудио,Радио,
Транспорт,Автомобильная культура,
Еда и напитки,Ресторанная кухня,
Здоровый образ жизни,,
Транспорт,Авторемонт,
Музыка и аудио,Альтернативная музыка,
Изобразительное искусство,Художественная фотография,
Телевидение,Сериалы,
